"","baseMean","log2FoldChange","lfcSE","pvalue","padj"
"Afu1g13950",32.8125661379743,-0.945097112633399,0.313866425017587,0.000193928525282245,0.00657536718213301
"Afu5g05640",581.723765790904,-1.75065079452341,0.878914150763357,0.00104451664431331,0.0249620873368718
"Afu2g09430",32.4090906418288,-5.40270180462834,1.06996007380232,3.47966664174931e-08,4.47942672520624e-06
"Afu5g14950",201.799322783945,0.918638284512418,0.231160885911045,6.23688591400684e-06,0.000380369042236054
"Afu2g17540",9.17748219804994,-0.135385293146977,0.317861895023243,0.00171705065124173,0.0357572942715352
"Afu7g04980",5.84925819865223,-1.76138679100511,0.60253471670831,0.000264095384106555,0.00837967516057014
"Afu3g02175",11.6172900755896,-2.64016704122062,0.77994312605261,2.61379460858277e-05,0.00125248770223517
"Afu6g09300",424.527903334874,0.811603142460825,0.21037743428928,1.09454053571977e-05,0.000619272572980726
"Afu4g03580",43.5328620196826,1.35081621849169,0.392080882656948,2.94539300303388e-05,0.00138235178444547
"Afu1g09600",883.701441660601,-0.408577849256683,0.133095810050778,0.00058697555503484,0.0157510697511063
"Afu5g01010",106.200993840671,-2.08787357948162,0.429008740843631,4.1995032271013e-08,5.18970188275466e-06
"Afu1g01640",1083.59864815267,0.588074441334656,0.24639767708755,0.00215892187110327,0.0429701602165225
"Afu3g03260",76.3026584892907,-2.41314103815628,0.453886286237122,3.3980193300557e-09,5.80258137234239e-07
"Afu4g08560",71.4001149568895,-0.79226855931779,0.207396640062554,1.22906668749389e-05,0.000663413467180608
"Afu1g03690",149.378181345389,-0.881599684969292,0.186235747504322,2.15429576116202e-07,2.22342261415755e-05
"Afu8g02730",1115.22637464757,-0.396064839035854,0.152538971558333,0.00256874233170054,0.0489363650696378
"Afu5g00680",20.94188940991,-1.34676876178057,0.566003561547892,0.00070415665829514,0.0181117542163666
"Afu4g03480",98.7073012134092,-2.07756140347739,0.726888119680018,0.000117941627489801,0.00427686395901238
"Afu6g07350",59.624574094881,-0.853306298526554,0.331209223653824,0.000669017231118251,0.0173096689660127
"Afu5g00990",6.85167794584455,-1.48722011519376,0.689831283073745,0.00136899545886469,0.0301114879383072
"Afu5g10540",695.454964424729,-1.66239499030821,0.365320447635063,2.33125317253434e-07,2.35431503187554e-05
"Afu1g15500",568.467777153966,1.72473971075058,0.39953406826576,8.95165402615804e-07,7.64308496487967e-05
"Afu3g03540",45.6071497926783,-2.6042914747393,0.722353805142816,9.57594954440021e-06,0.000555168630376585
"Afu5g08950",1263.10284857382,1.80649386326858,0.379633085717326,1.17819455714662e-07,1.30183568008483e-05
"Afu4g08140",981.524719123016,0.436116594416413,0.151233523213288,0.000955561316394738,0.0232503416673041
"Afu2g03500",833.778389056637,0.994770508634835,0.222822476189868,6.49027277647272e-07,5.75062659590866e-05
"Afu2g03280",959.645505469498,0.973375048948983,0.26490423447824,1.85542285300072e-05,0.000947072360618629
"Afu5g09720",84.1379799725935,-3.98896491220943,0.439047153333124,1.1410959833893e-20,1.53102478228461e-17
"Afu6g02030",251.992881493174,-2.16127681611206,0.15840892653348,1.96773753517617e-43,9.24049546518731e-40
"Afu4g03490",2068.09408010043,-0.935026470465518,0.255041756619448,1.70961631284962e-05,0.000882237165400197
"Afu7g04880",145.062205893729,1.39209605367053,0.291333931499557,1.07579234859407e-07,1.21733032987898e-05
"Afu2g14300",38.7268088347231,-1.45059817086592,0.48723173949451,0.000114693229579607,0.00422936570223379
"Afu5g00910",27.0921664982447,1.71253680546554,0.857583702894277,0.00136631429271568,0.0301114879383072
"Afu2g13950",27.2350229558717,-1.56685730152326,0.467209376772042,3.64786686787805e-05,0.00163927108244548
"Afu8g06930",25.3521804094516,1.14311231240962,0.261118955942468,9.03340751446949e-07,7.64340210593671e-05
"Afu5g06030",48.8916923376224,-2.83731085902591,0.99588489436135,0.000115071203786415,0.00422936570223379
"Afu3g05380",544.561097489626,0.543600839879735,0.120134398636704,1.10474448433652e-06,9.02240017120748e-05
"Afu3g13755",1501.19778043381,-0.160733732306513,0.343787407811073,0.000754075146410586,0.0190037335471702
"Afu2g15200",386.646214238274,-1.15721966672372,0.192417291928357,1.13645718895452e-10,3.13929585842966e-08
"Afu2g08040",615.527896046923,1.82993545295053,0.362075822422019,2.42182837815124e-08,3.39489733247708e-06
"Afu8g00610",325.620621015343,5.15097168979271,0.786132717913865,2.81034727565376e-12,1.0557912645176e-09
"Afu2g14330",86.8950814232808,-3.63862635779772,0.566209653765375,6.57543401070769e-12,2.17876975600385e-09
"Afu3g07810",5294.49487720487,0.325118102241077,0.0900827960421298,0.000133489847616156,0.00473108169362616
"Afu6g02790",216.678080165426,0.708788092737607,0.249405436482724,0.000475075292499311,0.0133590034345914
"Afu2g04520",98.6508340518081,-0.567333029355855,0.238821095185533,0.00233373806396577,0.0455685403259179
"Afu1g01050",70.5921713038576,0.608728388172662,0.204441516374542,0.000392019253452448,0.0113989003976018
"Afu3g07150",453.829433891619,-1.42124559261247,0.244737677143372,3.62450263483599e-10,8.51033218659491e-08
"Afu4g10290",31.1035649513417,-0.848526176835369,0.345194676976374,0.000985542280990771,0.0237554915883181
"Afu2g15290",2383.75100744325,-1.9599106347157,0.535262044595388,8.93086336148595e-06,0.00052753879679922
"Afu6g01920",34.9190289649893,-1.45828140167478,0.340896784958951,8.13790470681901e-07,7.07696305615224e-05
"Afu1g14945",108.842388740481,0.650863407779726,0.24303547983399,0.000850478752557098,0.0211442160395765
"Afu2g17930",36.1833192366921,3.38904320407886,2.12886440813398,0.00189824297462553,0.0389264148857708
"Afu4g09180",61.4742839563869,0.758456945228281,0.266179998935618,0.00039065578083934,0.0113989003976018
"Afu4g09700",289.659271893469,-1.82769992852296,0.263474347928683,1.88869878725522e-13,9.33613632100052e-11
"Afu2g00960",6.94187275133585,-1.75497243078571,0.695561250533517,0.000659770337244047,0.0171649944803216
"Afu1g15490",3202.77923510263,2.70285472177561,0.415521456865379,4.91211564248745e-12,1.70868852274971e-09
"Afu1g11250",368.978545893989,-0.400887525564677,0.139763051204154,0.00115012890031039,0.0270050265792881
"Afu4g14070",2727.71554242225,-2.5016720360918,0.579447867490457,5.49085802825319e-07,5.00680957294699e-05
"Afu2g00220",469.11847934284,0.536375107679334,0.200819590037929,0.0012193254785749,0.0279770865551871
"Afu2g13420",46.3794736459803,-0.789026341787492,0.3125402216722,0.000836098011750046,0.0208846609743522
"Afu5g14740",182.489016064795,-2.8687697567471,0.555113826554537,8.0199326169244e-09,1.2553867856359e-06
"Afu4g13990",53.4472391165569,-0.25677610668118,0.505340938750932,0.000369530837728489,0.0109830178099556
"Afu4g14010",125.108519628967,-1.54550063983369,0.611774211704871,0.000400143182554053,0.0115992122547767
"Afu3g03515",101.399409778401,0.894294327607379,0.218947374549797,4.1204474348851e-06,0.000272529875411555
"Afu2g04880",51.6565613081894,-1.7075071922272,0.389792046605247,5.68103858544766e-07,5.13041484562735e-05
"Afu2g14860",38.3379080767053,-1.62678141459115,0.476020605182023,2.5341665771373e-05,0.00122685012847802
"Afu3g11480",168.92260232411,-0.709931367046808,0.251104977587328,0.00046285319624945,0.0130937265637796
"Afu3g01200",50.3619553481743,-0.195855941023658,0.395061145603822,9.94203081436323e-09,1.51919599689103e-06
"Afu8g05805",48.4239799341502,0.916727127320542,0.400537873917495,0.00129756750275647,0.0290160809187828
"Afu8g06140",580.423197234474,0.540149100427974,0.15087540193222,6.1441346809523e-05,0.00253095232120632
"Afu3g14580",14.4471161787752,-2.08590362262607,0.654277957363765,4.38828991398075e-05,0.00190809346630126
"Afu3g11770",38.1971801579045,-1.71786511829732,0.411227606606913,9.99877818913335e-07,8.31048891613632e-05
"Afu5g11890",1712.03279746723,-0.787922860758069,0.304917335010098,0.000723084541571982,0.0184543750392502
"Afu4g08880",1208.83954911431,-0.572555507476699,0.17062827926135,0.000116181468396116,0.00422936570223379
"Afu4g14230",2941.09899118993,-0.751302949913738,0.33548054110645,0.00169750874502974,0.0354289593711542
"Afu2g10480",20.4469027408303,-1.57143884304359,0.334784221723912,1.78112168759471e-07,1.85869943220994e-05
"Afu5g01000",14.2626469540951,-0.994216905406994,0.495469256963893,0.00219957508717259,0.0434913878288947
"Afu2g00760",85.0361069472602,1.60708082088412,0.434984185166883,1.05000412324977e-05,0.000597675074276473
"Afu1g16040",120.445319529501,1.48764484174258,0.703143872887292,0.00131218108819845,0.0290660490102827
"Afu6g03870",16.1342656823575,-3.08849670433322,0.930439861492234,2.83964147719503e-05,0.00134696529059675
"Afu4g01150",6.9310107097144,-1.47148808960155,0.583766472202106,0.000657301157621184,0.0171482568677171
"Afu2g14320",6.61643659867246,-1.47481436119519,0.635520475959475,0.00111511123420584,0.0263183444215995
"Afu2g07630",201.500675499058,-0.770113310767671,0.324087904337529,0.00130636808275846,0.0290660490102827
"Afu6g08360",64305.6907790012,1.11229684904167,0.253739563158783,8.54353774497803e-07,7.36155105512235e-05
"Afu6g01870",660.312096012988,-2.11106724386566,0.446728889770051,8.75902064991257e-08,1.02830902429974e-05
"Afu4g14450",568.111120595662,1.27417523735579,0.339240070139763,1.1190208727414e-05,0.000622898990457567
"Afu4g12030",3.42690695742513,-3.66077998027277,1.56458097548164,0.000388624050521108,0.0113989003976018
"Afu2g02990",281.81278449911,-2.72326943302274,0.710598227603405,4.03583737636285e-06,0.000268826841409928
"Afu5g14910",126.095508416221,7.01967846555169,0.402549533919776,4.66613612144026e-68,4.38243504525669e-64
"Afu5g14360",95.7761795203887,0.698019991420169,0.226155506577102,0.000219996095780754,0.00735303676716315
"Afu4g14460",4.92080586632104,1.87247093400576,0.662304748300539,0.000248984478475857,0.00806366283394912
"Afu5g10510",1747.91942295886,1.44419585356094,0.263922042113286,2.86868043661489e-09,4.98937901123835e-07
"Afu8g04100",26.5440939401059,3.01193243021575,0.913496797094897,2.95839766475234e-05,0.00138235178444547
"Afu1g05290",27.7217120814412,-1.51197341240838,0.512936314915397,0.00012870734012696,0.00459627124894452
"Afu6g10440",488.757967580658,-0.549568232503691,0.178044144095432,0.00031592781330081,0.00966512710918959
"Afu2g11420",13.8730914445191,-1.56128202467737,0.570484777448384,0.000320203383579143,0.00976412395641333
"Afu2g13150",1472.59282202073,2.0647131554411,0.73136471444507,0.000199039294909458,0.00670027619279436
"Afu3g03230",120.476351671683,0.839363619038283,0.250056651580141,6.78605524233421e-05,0.00274352314845213
"Afu4g04075",328.585623403855,-0.758214010245022,0.155293330083164,1.02529573480864e-07,1.18883673349663e-05
"Afu4g12700",993.64710373575,-1.8139163141203,0.166008272988406,3.8567182499909e-29,1.20740992679715e-25
"Afu6g07920",172.076121145664,1.07582661732256,0.349785149489772,0.000133427701297661,0.00473108169362616
"Afu1g01190",31.8026831249588,2.74046249604985,0.542031195409914,1.23766901583349e-08,1.81627928073565e-06
"Afu6g08780",243.466696811005,-0.606412242102118,0.245334383894596,0.00153445625447381,0.0327593174329823
"Afu7g05220",1503.51028462496,0.518349708490732,0.171592834728627,0.000459950569504556,0.0130509237123468
"Afu5g03750",1024.20749117502,-0.539834197896833,0.218578769767473,0.0019212405534441,0.0391447973956595
"Afu4g01120",17.231083710178,-1.33256974094217,0.557497453643601,0.000763338472400106,0.0191691843122508
"Afu3g08610",345.145563922264,-1.9129744099199,0.62104845655581,6.92654878478749e-05,0.00278009171738137
"Afu8g06580",7.88559016557033,-1.8470029063073,0.986001152392207,0.00158154331960715,0.0336074805142167
"Afu5g11840",737.222612959136,0.459130410371819,0.168786671950118,0.00141002397157612,0.0309414606099133
"Afu6g00550",24.0796749343651,1.06201384055965,0.391817195065549,0.000417193305506016,0.0120192623475843
"Afu6g13400",212.134744886845,-0.92921343251956,0.264516376297307,3.0821865798675e-05,0.00141209250527393
"Afu1g00480",5.44005142951262,3.38440609251935,1.20122517853385,0.000156270706462342,0.00545611329031345
"Afu1g15850",235.205672185169,-2.15411739974821,1.03380254381299,0.000740469966829809,0.018745266653546
"Afu3g12330",217.37288237216,-2.00193537908805,0.27831670186568,3.69678014883063e-14,2.04236230340102e-11
"Afu2g01290",32.7303867550776,-1.2675051167311,0.351883294815801,1.85430114091375e-05,0.000947072360618629
"Afu6g12680",1273.14361898783,-0.501456068793661,0.19415315239345,0.00167426689878494,0.0353364375581756
"Afu6g05030",39.5781539169916,-2.5822776262208,0.526316973920059,5.55075308409029e-08,6.72437373256029e-06
"Afu7g04720",38.6948787204065,-1.30160266039696,0.410329353089751,8.02059925120721e-05,0.00317845857246152
"Afu3g12430",771.765401669022,0.774920141518066,0.175715765811295,1.12379232103963e-06,9.04633329278385e-05
"Afu2g14290",46.9261173365754,-1.87036487102942,0.242062016354561,8.49020408117852e-16,5.69571405217347e-13
"Afu1g17630",473.256891308689,-1.95910352673373,0.866258625829978,0.000559955269743096,0.015199710674645
"Afu6g13945",57.2987823417681,-2.30054422065986,0.810640273221438,0.000115959606574326,0.00422936570223379
"Afu5g06830",3.81723377193334,-0.382213785776273,1.6392817129221,6.80133625590417e-05,0.00274352314845213
"Afu8g01940",83.1855479253239,0.772588976428718,0.351005085145863,0.00223705743764611,0.0441395870890173
"Afu1g17370",42.7405925742208,-5.49034607941372,0.914291015958503,9.35512355583722e-11,2.66252486170979e-08
"Afu5g14240",18.8553247087875,1.01647807685555,0.532192317379193,0.00243712393572334,0.0470976707907688
"Afu3g08250",471.69136947682,-3.13033011105264,0.57086657337405,1.29235680411238e-09,2.52871148004655e-07
"Afu2g09620",4.35325379192356,-2.36113324935236,1.06208693199919,0.00120857905300495,0.0278210158476042
"Afu1g14860",34.9537445717963,-0.62700459625955,0.2443735459399,0.00123147548484456,0.0279770865551871
"Afu6g14530",228.848938147604,0.622132337058982,0.14158198862403,1.63915655048484e-06,0.000125162262781737
"Afu2g07750",115.835595721121,-0.885893257099012,0.43177635480182,0.00216165255969877,0.0429701602165225
"Afu5g14760",65.7587550887621,0.800193386404539,0.283013103704093,0.000391834636370872,0.0113989003976018
"Afu2g09130",2607.23209269243,0.308571016249945,0.0835756880427014,0.000100883785719322,0.00379868628020173
"Afu4g01230",41.8750297597947,-1.4349250087823,0.503863486807312,0.000186080868646495,0.00633214318234738
"Afu3g01850",506.210860302754,1.59189212872198,0.1924395591666,8.74122743643622e-18,9.12195645366766e-15
"Afu3g11120",478.196162071725,0.447435006515717,0.141757953280716,0.000382716892178343,0.0113033869538962
"Afu3g03550",1510.29842956397,-2.29057919045046,0.605843203094434,5.14774530280908e-06,0.000320182939629026
"Afu3g00865",36.4829834602781,1.18308585630411,0.377406528927727,0.000101519405486652,0.00379868628020173
"Afu2g12650",15.0580469347972,-1.31668910583748,0.396794211354895,6.54403792562466e-05,0.00267224366075942
"Afu5g12650",82.193121189328,0.529314603418001,0.212518711074775,0.00209986863388315,0.0422311910266178
"Afu6g00650",242.156902592336,-0.79244026473733,0.257866010123792,0.000179534176728889,0.00617650178695139
"Afu2g09680",297.457403786274,-1.30152502795667,0.24909214811397,1.05501552690553e-08,1.57281044899949e-06
"Afu3g07945",600.890975860746,2.1419365187531,0.30965090645508,2.69040733992189e-13,1.26341528682732e-10
"Afu1g12130",115.671868682075,-0.663191985416474,0.169307621126114,1.18494631487621e-05,0.000650819636802183
"Afu6g02050",77.692416150848,-1.15461077269735,0.238366632725478,7.53972148954072e-08,8.96367901642614e-06
"Afu3g02100",133.821055089244,-2.78576605285246,0.669323910546202,9.49766521229465e-07,7.96447068516709e-05
"Afu6g07230",16.4377168222202,-0.918031660694696,0.348540303213987,0.000651110013872539,0.017129482493812
"Afu5g09010",242.048172951368,-0.499487731077825,0.177981842408729,0.000897664385113568,0.0220126994908267
"Afu7g00950",225.213722720733,1.69277995151182,0.20656560576089,1.72184651398381e-17,1.6171582459336e-14
"Afu5g02820",136.736904070194,1.04921671761443,0.406825369750404,0.000582242732776264,0.0156688359490965
"Afu4g14080",512.147728281351,-2.02570352925166,0.513852866824634,2.98154947967055e-06,0.000205902299360778
"Afu4g06340",222.594240954042,-0.347534709888168,0.127668946533096,0.00226124403597108,0.044523278796311
"Afu5g00920",84.3017583446451,1.88077400905332,0.499290359246302,7.61315591001546e-06,0.000461308131012034
"Afu3g07940",524.063736156526,1.06608711872159,0.1765980564951,1.3160593096742e-10,3.53155115327431e-08
"Afu7g03940",1109.15244222223,0.376558428320122,0.131313740192605,0.00131014255631824,0.0290660490102827
"Afu5g14920",1485.82917340349,4.38101033810292,0.541883641135501,4.08908204028568e-17,3.20038821019693e-14
"Afu1g06460",255.365001047219,0.377595167663276,0.140708855512418,0.00232380825626613,0.0454691815476073
"Afu7g07170",4.01784845432929,-0.276535820982767,0.554930910422913,0.000334312295411867,0.0101284812084724
"Afu2g14350",30.5048670458884,-2.17619880773183,0.566905517686163,4.71576719506121e-06,0.000299260037135236
"Afu3g14250",488.489754431523,1.48386561859321,0.535630304124092,0.000259522664833123,0.00829060159222003
"Afu6g03880",4.69932863234442,-0.215231627051257,0.420251817852877,6.80622757228861e-05,0.00274352314845213
"Afu7g03900",315.454487372511,-3.57450473522608,0.55949752197261,6.72746198084665e-12,2.17876975600385e-09
"Afu1g01490",110.029150852999,-1.59553343426776,0.988640955109777,0.00201266658749285,0.0405643016947057
"Afu8g06410",24.5263307768796,-3.24431141060758,0.749213206409762,2.96900751469509e-07,2.93525458715961e-05
"Afu5g11430",406.942501112843,-1.37467796154557,0.330767201567123,1.6558707020343e-06,0.000125201747151585
"Afu6g09970",9.63597000884283,-3.11600792803897,0.721147251048046,1.31336289445459e-06,0.000102792535872646
"Afu1g00930",879.806714241505,-0.756415374006399,0.218875120261506,4.91431297750113e-05,0.00208847183188645
"Afu6g03500",91.8600607527061,-1.81972867382462,0.194057308495466,5.57159910094711e-22,9.95499838207332e-19
"Afu6g14060",642.931728842491,0.704795915789995,0.23402517706084,0.00027598149875908,0.00872733412910869
"Afu5g00490",10.4760339924093,1.37294866152818,0.418003127189246,5.50370413153123e-05,0.00230762451800631
"Afu2g17475",157.655404831572,1.14771521533752,0.438657208607558,0.000504308644747606,0.0139446351471583
"Afu7g01740",67.6025102503852,-1.08717242425803,0.304437406225989,2.42081382663095e-05,0.00119664649787989
"Afu1g13310",307.762526213091,0.838637994390098,0.339610867023178,0.000986157609140975,0.0237554915883181
"Afu1g17340",9.09415539682295,1.13908896342005,0.629201638678611,0.00241844360431067,0.0468330357354346
"Afu2g04320",21.6473842187569,-1.82021238946685,0.404514469766111,4.79490667549114e-07,4.41507485256988e-05
"Afu2g01310",49.4522510691086,-2.28286480641017,0.333633218583314,6.15303075951904e-13,2.62678476788195e-10
"Afu3g00480",13.2492219948158,2.45292382986013,0.836827033570396,0.000159383969724239,0.00554420090240761
"Afu3g07380",57.2238086586015,-2.91317141385576,0.542863587177029,3.75931198556182e-09,6.30490324435654e-07
"Afu8g06000",79.8957518647691,-2.13794093333442,0.579530993462312,8.01932964680733e-06,0.000479729579890538
"Afu4g13050",134.617153266033,-2.3678925750253,0.620050986510648,4.21524696493591e-06,0.000274927774268598
"Afu1g01550",27.6209506836055,-1.21365574482142,0.546363435491072,0.0008902374974382,0.0218877240207842
"Afu4g09710",382.66221489789,-1.94416061268725,0.896139484250262,0.000656587103226556,0.0171482568677171
"Afu3g02720",6.67965771860654,-0.143167846603016,0.32622631496555,0.000380378695262632,0.011269768788349
"Afu1g12190",151.102586676965,-1.0067000216581,0.19823973633229,3.1883968449513e-08,4.21766523489896e-06
"Afu7g00170",46.9305606095933,4.58220438696632,0.790100860027652,2.11275915730462e-10,5.36298216362296e-08
"Afu1g00990",45.4604081579325,-1.73508055279283,0.468151363793335,7.76464436511857e-06,0.00046747140946919
"Afu3g07460",34.954750807288,-1.94979324409351,0.738624429110322,0.000281460136106992,0.00884041209897739
"Afu8g01780",22.0141618583472,-2.42060933251012,0.537250732144234,3.14080873688585e-07,3.07275788091999e-05
"Afu4g08690",18.5727303303916,-2.32534307151813,0.686857746531019,2.67577873545882e-05,0.00127568090778829
"Afu1g01180",16.7483404325624,2.25684801470996,0.548934750980251,1.73309567470567e-06,0.000129184401403457
"Afu1g01175",3.54458190515264,-5.63527734017738,2.53128616912575,1.92569832797728e-05,0.000977630199803383
"Afu5g06940",10.4546644433357,-3.68057502509243,0.970591959066012,1.20193189079327e-05,0.000656310716181998
"Afu1g11450",1416.79877207683,0.376362813376258,0.117071181418985,0.000423924655950871,0.012143407204155
"Afu7g01580",110.180129141947,-1.22683095754388,0.391771648249981,9.02633025079718e-05,0.00350311131055732
"Afu7g06090",169.296863225462,0.821308313182007,0.281557340691147,0.000296630838797748,0.00922502264234587
"Afu5g00495",72.9233175135887,1.00125041192649,0.23316278578406,1.28704250566203e-06,0.000101579018598133
"Afu5g12460",21.8619385666577,-3.38918655169364,0.845707043167823,3.32572407389628e-06,0.000227994164248422
"Afu4g10380",219.081231780717,0.923881787651685,0.398251689933529,0.00127478855893023,0.0286430960418008
"Afu8g05780",6.41877679068395,-1.451687206937,0.734060094272904,0.00178604007832819,0.0368670075069415
"Afu5g15000",43.2906981619872,1.17059165717894,0.341793668781763,3.81836204086463e-05,0.00169160642866984
"Afu3g02640",27.0344396105452,-1.1072975724815,0.395476470745133,0.000310513470074231,0.00956177872438418
"Afu3g07440",42.6603439054242,-2.7577257128936,0.830216165662734,3.01670149087258e-05,0.00139570740897908
"Afu3g13100",746.917330522872,0.609753413113305,0.21954637502932,0.000725075626665538,0.0184550414245061
"Afu2g14390",84.422791172364,-1.46168562757408,0.229523664069097,1.57264973265266e-11,4.76462138357218e-09
"Afu4g02720",166.590500554719,2.5819825052948,0.469372006310903,2.21232724016039e-09,3.9204108376578e-07
"Afu5g08810",271.24595198065,-1.5989542725085,0.587478373899032,0.00022666197137618,0.00749580716607424
"Afu5g14940",62.954036510599,5.03664201052611,0.933944778750279,6.66378901060718e-09,1.07907424806246e-06
"Afu8g02430",84.9698480957318,1.73824203888544,0.733798550897757,0.000640152090965682,0.0169839221422307
"Afu5g05860",446.144242211199,0.758117496907125,0.186291370537247,4.94724156151084e-06,0.000311842233192683
"Afu2g00740",255.197301285816,-0.637968784618882,0.259852327354144,0.00148525440959518,0.0322905310530509
"Afu5g14850",214.157423367493,2.95578626196765,0.316586003337461,6.35966676878619e-22,9.95499838207332e-19
"Afu3g06020",1446.09851670374,-0.958073059518945,0.387751974614286,0.0007058030284487,0.0181117542163666
"Afu3g08990",202.92280991665,0.701239280731319,0.237793461966327,0.000335387314292473,0.0101284812084724
"Afu3g03010",79.3624835141045,2.18891435550841,1.10685662123866,0.00123621070276859,0.0279770865551871
"Afu5g01750",506.193465386446,0.758692536744571,0.164484973413908,4.41312362817995e-07,4.10376803127387e-05
"Afu2g09630",349.61805014253,-1.02081609472327,0.378432011059538,0.000357616410555617,0.0106966029552177
"Afu1g13250",218.171425983379,0.665825982702422,0.190123052806913,5.98277979103171e-05,0.00247534219371673
"Afu2g00970",136.228233449351,0.835456879022157,0.20471599947394,4.20014991381793e-06,0.000274927774268598
"Afu2g07910",8.02227909499284,-1.21345625011386,0.592369517118724,0.00214166069340213,0.0429701602165225
"Afu1g04510",40.0181920583241,0.995076385841059,0.266401748607158,1.50654551425953e-05,0.000794914352243008
"Afu6g07400",114.181507626805,-1.27862512551729,0.617469003559142,0.00122193253117794,0.0279770865551871
"Afu8g06590",16.2962798811297,-1.17108565889999,0.471718397715675,0.000546913718838908,0.0149755499922304
"Afu8g00860",27.027936206819,-1.49220175634136,0.455820049772194,4.64430351120664e-05,0.00199174879348186
"Afu6g10000",468.717819785506,0.286528300715877,0.09445151678239,0.00119202231346095,0.0275750580493233
"Afu3g11950",13.0076522184739,-1.08960747314272,0.463055967983771,0.00101921384561213,0.024419531729564
"Afu2g18070",37.1538208521159,3.19525071062743,1.15987067072816,0.000229813638409127,0.00754966418107251
"Afu3g10660",2893.47532221698,0.68178849187739,0.288644626573154,0.00174988214860026,0.0362002051534221
"Afu2g13490",862.579872470607,0.572416185464736,0.196570640356916,0.00053428047666489,0.0146724042012767
"Afu2g11230",195.272115683888,0.452414819077689,0.150025485836468,0.000579705427068642,0.0156453832500824
"Afu6g05210",6565.15941535367,-0.3660249373801,0.105273128881989,0.000134438715431757,0.0047467985538912
"Afu5g12760",7.59942990655257,-0.298222835990224,0.602927795887455,0.00229690326013422,0.0451307853957753
"Afu4g10140",17.2765872825345,-2.38064603978127,0.423210108599833,1.3614755595064e-09,2.60958743977227e-07
"Afu2g12900",493.23967375071,-0.675269768211801,0.192726158862763,5.11969467239109e-05,0.00215624091314337
"Afu3g02785",15.7898376750045,-1.49546360023529,0.794226897929724,0.00152391492070714,0.0326771893499576
"Afu6g04230",399.268767325816,0.639791151315592,0.225517433098279,0.000554744420946943,0.0151019118885034
"Afu1g17250",3227.24270425764,-0.248465677687247,0.502197637638896,2.53575307500395e-07,2.53359498728055e-05
"Afu1g10180",25.8956111375923,-2.22151509132863,0.538724755951402,1.45743936939511e-06,0.000112198938994745
"Afu8g01850",149.69178794799,4.74334854123081,0.578443603199271,2.09353977652831e-17,1.78750232555945e-14
"Afu6g11390",7361.21845526159,1.8231548361125,0.314736539235503,4.69732589505847e-10,1.05041154300927e-07
"Afu7g08575",54.3707657123137,-0.831830386472732,0.344651547791616,0.00106714111893095,0.0253736440227835
"Afu3g11970",846.237660456376,0.671422299143724,0.159941454309145,3.73656994965704e-06,0.00025247384868474
"Afu5g15060",28.6482523898923,-5.19492767112741,1.19698256142497,3.77272447800683e-07,3.5791341714586e-05
"Afu1g17440",3.29715486679246,-2.4621485784082,1.35548596448787,0.00194497723202218,0.0394540521882339
"Afu5g12470",40.2859021776585,-3.02554800292581,0.927311452689642,3.68455684016577e-05,0.00164006435274109
"Afu1g02070",4225.13585976568,0.42358169278702,0.154770086466917,0.00158176092635512,0.0336074805142167
"Afu6g02170",142.29701877635,-1.83889976810779,0.442101125881746,1.20105966263558e-06,9.55962063684181e-05
"Afu2g08820",123.645945053354,-2.53798343292194,0.368122121056887,3.34738816399241e-13,1.49707950648651e-10
"Afu6g14470",198.481189897944,-1.86092893271199,0.786629196524887,0.000482407045023667,0.0135246775130217
"Afu2g02180",178.11323548284,0.528690527747781,0.208277594212598,0.00174728211373875,0.0362002051534221
"Afu1g14340",923.592157623912,1.17426688581738,0.62613549488559,0.00253338588250784,0.0483608947327514
"Afu3g00320",26.0418127796257,2.67322626785666,0.543729403918421,3.48166685413177e-08,4.47942672520624e-06
"Afu7g01570",40.1193208200649,-1.60023958381946,0.756602680394506,0.000885347257030206,0.021825859562709
"Afu1g06800",25.1518673802928,1.4520028226539,0.358487419473548,2.72427205531793e-06,0.000195315749187374
"Afu4g01285",755.571141549111,-2.11039225055438,0.453568875974717,1.31242069320177e-07,1.43328548262221e-05
"Afu4g14590",20.0250740711654,1.2676066094755,0.334789413170144,1.10129546319852e-05,0.00061936329283596
"Afu6g13630",56.3981005503734,-3.3622375031585,0.688986713845586,2.36738928657378e-08,3.36886669386378e-06
"Afu4g11210",11.7585359670118,-1.52403150050904,0.502148585532782,0.000127469046200451,0.0045694247401322
"Afu5g14582",4.01433999196328,-4.03432805209981,1.60936312230612,0.000246457148114069,0.00803724144127547
"Afu6g13940",31.7677576588921,-2.70032798942981,0.796872903307941,2.44946972415313e-05,0.00120447223294483
"Afu7g06620",157.299652591796,-0.994096355223901,0.320625969388022,0.000114697022193601,0.00422936570223379
"Afu5g01242",34.1510309291295,-3.26522226202467,0.614108785531293,5.83156554881961e-09,9.60878309377434e-07
"Afu5g01120",24.26065754973,1.01421544571105,0.397758124249463,0.000548931340034385,0.0149871021674504
"Afu8g04070",9.9069424891705,3.45682271195335,1.02160361834236,2.99722834032023e-05,0.0013935628006083
"Afu4g03080",23.241668458731,-2.30314253223053,0.69466756065042,3.88555039718781e-05,0.00171329057889145
"Afu6g06930",181.660188052316,-0.896754399406876,0.377589786489486,0.000986439706073687,0.0237554915883181
"Afu3g02270",4362.3496956398,-2.70613324762856,0.389067993132525,1.42482577210811e-13,7.43442425091078e-11
"Afu8g06080",316.792603306083,0.663462265724613,0.239311302022027,0.000626028139109529,0.0167035689844224
"Afu6g07855",40.8047455030383,-0.147758475602441,0.332911062376892,2.79064502041519e-06,0.000196992823697746
"Afu5g06840",26.7217843212742,-1.07380031284938,0.563302048407166,0.00195504875356505,0.0395728833911271
"Afu5g00770",1332.27713189382,0.999504127179074,0.318388292399228,0.000115671682193385,0.00422936570223379
"Afu1g01960",320.120240453441,1.51468385396043,0.483613505764068,8.81361388557675e-05,0.0034490609005557
"Afu2g12360",1002.29554767355,0.239611866759985,0.0809965723205178,0.00185581393953121,0.038223255526485
"Afu8g04560",225.953928159632,1.0345759425952,0.243953578835377,1.74851130928947e-06,0.000129307230053911
"Afu6g01960",169.43319769587,0.737221804540329,0.316102236259898,0.00172741635960913,0.0358935717908162
"Afu6g08060",12.2209628147967,-1.19341889572758,0.530519917424903,0.0012393853519344,0.0279815077532881
"Afu6g11670",10.4490139888903,-2.31109036533255,0.767931610192969,0.000101492295649319,0.00379868628020173
"Afu7g04040",166.987984556133,0.794166159602945,0.238456249066188,8.36742598193111e-05,0.00328815333984506
"Afu7g06850",6.89293333522416,-1.35902393892987,0.561498240391534,0.000951618662584017,0.0232145518934781
"Afu3g07550",30.2629641057295,1.64131575043087,0.573294642896136,0.000213744934060429,0.00716961578819838
"Afu5g09860",610.325681034119,-1.03427179824829,0.343192170717103,0.00015061206346757,0.00529793445725624
"Afu1g12620",504.894350304301,0.944620639435059,0.479712979945284,0.00257609696696198,0.0489771309994067
"Afu5g00980",69.2387979990106,-1.34854309598208,0.282698994109022,1.07165441085216e-07,1.21733032987898e-05
"Afu1g15990",411.356649551579,1.95353379924953,0.544921327341614,1.60568549189904e-05,0.000833182217674908
"Afu6g13350",136.829876553616,-1.98352784630543,0.310579700805881,8.15456605523228e-12,2.55292281302472e-09
"Afu5g10170",36.7053620904973,2.94200791030815,0.517878506978564,7.24080990397633e-10,1.54558378677604e-07
"Afu2g13615",54.4576769523077,-2.39850785198382,0.840581566802847,9.86368897935045e-05,0.00375059784996192
"Afu6g13080",11.3535993593567,-1.69631425629976,0.550385299302953,9.64793493279852e-05,0.00368347174344893
"Afu3g00450",152.016919927562,0.789168663182767,0.24615292259801,0.000123874345711486,0.00445757798820795
"Afu8g00420",65.2415946115376,-1.40483221140578,0.356108651634273,4.37523611684909e-06,0.000283167849404874
"Afu7g00850",626.731274534321,0.708867699471458,0.265413206746431,0.000754726641087571,0.0190037335471702
"Afu8g05165",2233.43671328347,-2.27155354138749,0.227416488121734,7.61043580290646e-25,1.78693032652244e-21
"Afu4g09660",1165.83424018483,-0.884676947390421,0.453522643460881,0.00248491610804899,0.0476292491567268
"Afu2g12200",762.914384315998,-0.31318070804888,0.105339205696732,0.00122476596097336,0.0279770865551871
"Afu6g00180",53.0158410120853,2.16466741114306,0.657118925981115,4.09577029860009e-05,0.00179754554413327
"Afu5g10670",100.074832482143,-0.725144317493869,0.184074191304652,8.76516800586869e-06,0.000521028214627333
"Afu2g02030",42.4852272548488,-2.02377836073025,0.384362986156175,7.01840301269664e-09,1.11723459483469e-06
"Afu3g10860",11.2111976568564,-2.95720515977507,0.827579584821298,1.55993654548989e-05,0.000818487376270448
"Afu5g10420",17.4749164455788,-1.27947094133301,0.628790687488962,0.00135005183695299,0.0298345573003823
"Afu5g15050",44.2263666824851,-2.24993117880658,0.910889587990654,0.000288924547013525,0.00901521377259477
"Afu1g04150",207.529478029825,-3.5507467557431,0.550523890991653,4.22021230963432e-12,1.52447053892637e-09
"Afu8g02560",224.942325052418,1.27090779386889,0.404506254297564,8.94156732354522e-05,0.0034846141204455
"Afu1g13560",39.7592544611576,-1.17933927618293,0.322679613937596,1.57378907653876e-05,0.000821168167047335
"Afu6g01790",24.9752144376783,-1.61559400964366,0.373517837876879,1.04412857435657e-06,8.60215400908503e-05
"Afu2g11180",497.504519777389,1.22596807855384,0.180014871528151,6.75836389944343e-13,2.75976320624229e-10
"Afu4g00920",126.284868701497,-0.43826826774773,0.171350606348248,0.00237819319809462,0.0462442867836535
"Afu2g13260",694.048190022144,1.0307320589914,0.204180379193164,3.71237288564705e-08,4.71170353270231e-06
"Afu8g07160",28.9800090734706,-2.85182782083344,1.03926185522492,0.000118450971031251,0.00427881353817503
"Afu4g02710",504.610944027376,1.906556248242,0.861801288575163,0.000909587292900876,0.0222469892055339
"Afu8g06010",202.734816540837,-2.11916568465505,0.490327049441629,5.95044641589322e-07,5.32253264172087e-05
"Afu7g00805",33.1393773709319,-0.159340799079737,0.340040359191807,0.00247485253336131,0.0476292491567268
"Afu2g13500",371.353784914635,-1.43119185510435,0.213727422290802,1.08094000243488e-12,4.23007854286184e-10
"Afu6g03230",76.1531146186082,0.844374040391127,0.253891315021513,7.26520422741404e-05,0.00290360842995203
"Afu1g15810",1049.37183786178,0.335935786435734,0.113969663763233,0.00123610754300253,0.0279770865551871
"Afu1g09510",2572.96932493289,-0.608531107530916,0.222611804965307,0.000739631104594475,0.018745266653546
"Afu1g08880",1609.29357036865,-0.49151356142884,0.169773216997422,0.000635365535929869,0.0169046830409443
"Afu5g03970",50.6001568946409,-1.31396084165968,0.373159705905076,2.56189727742797e-05,0.00123391483228736
"Afu7g04830",163.969344557213,-0.783894541199168,0.28852106840391,0.000503016387597236,0.0139446351471583
"Afu2g11270",131.492204656464,-0.894462232401485,0.395246606597496,0.00125256359021253,0.0282112164011417
"Afu8g05810",6.42501723649462,-2.55071545942795,1.18576682053338,0.0011719529231109,0.0273516951758406
"Afu5g13250",58.3861961090265,-1.61213475299237,0.868324423220736,0.0015851909995526,0.0336074805142167
"Afu2g17420",7.82498511521458,-2.35337388231437,0.694179159256653,4.62884576622721e-05,0.00199174879348186
"Afu8g00800",9.07664975955319,-1.859584608364,0.76166043003559,0.000504810045787247,0.0139446351471583
"Afu6g12145",9.28351208772842,-2.07432144779544,0.915509689918428,0.000686410217192792,0.017710892197458
"Afu6g12070",7.7566276605827,-0.228341194177011,0.44576040121657,0.000186066564764877,0.00633214318234738
"Afu2g08780",716.353860152816,0.457596504947391,0.148658076192057,0.000485334015291551,0.0135662412845781
"Afu4g14260",184.199461799403,-0.709762243059299,0.233961453006059,0.000229898206536067,0.00754966418107251
"Afu4g08380",361.206047096216,-1.96005201909316,0.271885688781379,2.91356019362042e-14,1.71025983365518e-11
"Afu8g07030",55.3021310640228,1.50974178989085,0.481372820026373,7.35803344921891e-05,0.00292824788792644
"Afu7g05710",21.6204644901533,-0.968576165167701,0.413742074268925,0.00117945448745906,0.0273516951758406
"Afu7g00180",10.0385023784048,3.25658580152703,1.23370367226647,0.000255850958106266,0.00820120204277832
"Afu5g14660",3359.95199186518,-0.913101263414252,0.289621901613889,0.000102625422600545,0.00382483321057268
"Afu3g01210",16.1405019875234,-2.15420866721274,0.71229532724557,8.13833963616624e-05,0.00321156663289384
"Afu6g13920",152.79987632174,-2.41371685894313,0.827315139279078,9.94753494413831e-05,0.00376722774981238
"Afu3g03250",32.4432697780222,-0.998014138936942,0.391221568215317,0.000656914873103841,0.0171482568677171
"Afu8g07340",279.992283867937,-1.06661799556741,0.301145359798001,2.47846502462135e-05,0.00121238247454394
"Afu8g06030",21.9567598543109,-2.82649684607547,0.904693797796215,3.68297442440964e-05,0.00164006435274109
"Afu2g15950",958.342951210967,1.17909432560576,0.398700456943899,0.000181930355481322,0.00623609452073202
"Afu6g12150",12.2239254027331,-1.78487777633536,0.820827138903074,0.00082726358240231,0.0207190921757933
"Afu1g11830",23.5630049920991,-1.23782521017472,0.355806846230486,3.06938943069139e-05,0.00141209250527393
"Afu5g13290",14.5497035591468,-1.36406780378556,0.380164091628565,2.11894811112675e-05,0.00106423319035842
"Afu1g04140",87.0826849317155,-1.64893294701074,0.270330001203948,5.50107096508327e-11,1.61456432825194e-08
"Afu8g01980",9.70053606620301,-0.102099002020789,0.29579752652352,0.00116462719422425,0.0272772533869181
"Afu4g01560",314.737871705404,2.64446654280457,0.534194802620102,3.7733345171564e-08,4.72522103801772e-06
"Afu4g06830",402.037206597125,0.746939626874839,0.280922029689693,0.00070817296282141,0.0181230530431027
"Afu5g08800",509.900520251056,-2.40542145091199,0.618744569290885,3.40993782869859e-06,0.000232073449906791
"Afu3g07340",26.2227552087854,-2.11701561338492,0.435324395548736,5.58455229066975e-08,6.72437373256029e-06
"Afu1g03790",454.277735637513,0.402569839302115,0.130840739288483,0.000608879374875436,0.0162922937003706
"Afu5g01840",1144.81477593116,0.612376727405143,0.226493284263873,0.000873272659207306,0.0216405720719658
"Afu6g07030",105.304401091782,-3.99204358764588,0.786026575129848,1.47999298757014e-08,2.13847602142442e-06
"Afu4g13660",49.4760616303574,-0.878213404220798,0.302068431329365,0.000247634870906984,0.00804770487044428
"Afu7g00710",60.2355055857157,1.82983605112257,0.480736553688972,6.17651410213606e-06,0.000379149153250078
"Afu3g00730",279.635589065959,1.68149828715945,1.00470674536783,0.00251277311704907,0.0480651020678714
"Afu4g04120",707.311570131142,0.551415276708454,0.176763763193238,0.000298848894011093,0.00926332941436365
"Afu3g11900",89.137773409422,-2.65762479465883,0.531704979452775,2.57263071737939e-08,3.55325701435695e-06
"Afu8g00210",10.6227369037649,-0.17743977645162,0.363370734081736,0.000469838155863269,0.0132514112908944
"Afu2g08180",9.77431927452789,-1.28461439619622,0.462112646501584,0.000328073811656916,0.00997174511029693
"Afu4g10070",415.128736722453,-0.782783422454865,0.184457203111425,2.15803694900053e-06,0.000155909869423176
"Afu5g02000",62.9799120949085,-1.10026433862715,0.392046316467236,0.000279583187038928,0.00881156138479736
"Afu6g07370",185.578359033542,-2.10367224946327,0.38318313032424,1.89163363388709e-09,3.48357315479756e-07
"Afu1g13540",400.277460498125,-0.573367742080061,0.222540510786861,0.00130324092230532,0.0290660490102827
"Afu6g03210",128.071830558419,-2.06272564840987,0.397887057645668,1.0028764033991e-08,1.51919599689103e-06
"Afu4g14650",86.7417499235936,1.37724193568034,0.549845039152641,0.000565836701455312,0.0153150959656147
"Afu5g09580",13.0828060057105,-3.17093932091226,0.699757555979239,3.72576650633164e-07,3.5706529619864e-05
"Afu7g08360",653.095062572942,-0.92374194082874,0.121309878025077,2.24828025680013e-15,1.40772321145779e-12
"Afu2g15240",127.258262368726,-1.17697444170799,0.605879760572341,0.00169562435344944,0.0354289593711542
"Afu2g01400",64.4956929830527,0.849361124199782,0.303594937724414,0.000366671046035961,0.0109326173472056
"Afu2g01300",16.0425138058678,-1.73025762463269,0.65152744332103,0.000355850306724525,0.0106777830056126
"Afu1g01560",57.9206117270497,-0.791537704173273,0.369171744763184,0.00216360117490128,0.0429701602165225
"Afu4g08410",31.2419837830518,-1.55435183913691,0.365247919104777,1.36925864868795e-06,0.000106281629987415
"Afu6g12000",19.1305292086948,-4.26388264678947,0.84878815293828,2.64514401112036e-08,3.60046268875977e-06
"Afu7g02070",296.084977691121,-0.839644016676626,0.207988975010242,4.60950014092459e-06,0.000294506294718121
"Afu4g13060",28.2570716589604,-2.48868196495009,0.859133870004608,9.53668614854633e-05,0.00367084247160439
"Afu8g00100",14.3625423412806,-0.113782341852511,0.303791676447335,0.000241017315474316,0.00788722866527798
"Afu4g08370",695.04914876681,-0.720400529448473,0.314917253851484,0.00168054753080089,0.0353894672853855
"Afu5g08180",66.2172001819761,-2.26492806311614,0.388778690883839,2.02594503295843e-10,5.28546548598489e-08
"Afu8g00590",357.872988211295,0.697667391771085,0.302135654424545,0.00192556392640489,0.0391447973956595
"Afu5g14900",1770.07193948514,1.36006304559909,0.655002093398669,0.00150290356261597,0.0324488971496303
"Afu1g00560",233.437055920233,-0.804094310509559,0.382758178385782,0.00215445771497884,0.0429701602165225
"Afu7g08570",10.6974424134302,-2.55107183325986,0.758978555060264,2.51277544883055e-05,0.00122279725468479
"Afu5g15040",122.667216139704,0.971774214532794,0.489382274954955,0.00248082580223212,0.0476292491567268
"Afu5g10290",8.14947448511075,-1.14258638673482,0.574884349891623,0.00234337050237919,0.0456616924447
"Afu3g02220",49.4883691834464,-1.34422352200736,0.393033325177653,3.20789837292879e-05,0.00145548702988151
"Afu7g05130",13.2795178288157,-3.07253012713269,0.692828344222681,3.64905588566475e-07,3.53318895651168e-05
"Afu1g04575",120.626975617368,-1.22974369809524,0.539623058358553,0.000885397411988087,0.021825859562709
"Afu4g00860",31.7308663651314,-3.87923202298228,0.972399289053767,1.12693887910531e-06,9.04633329278385e-05
"Afu6g12240",464.540608907512,0.632158284795341,0.226493477151951,0.000650696967866277,0.017129482493812
"Afu2g13300",71.3208670836548,-1.25551086021869,0.438285512514919,0.000194640936085189,0.00657578299177012
"Afu5g14880",1933.65432915952,1.55496547847963,0.308617756242131,3.065029519436e-08,4.11239389236328e-06
"Afu3g11500",162.243071765238,1.03454656206252,0.24516151910124,1.76271481823855e-06,0.000129339199788254
"Afu3g14140",923.466468250152,0.545471218193774,0.136773112948371,1.2188116790565e-05,0.000661680883797608
"Afu5g12690",341.607625214344,-1.19015476222931,0.361086691900524,5.06266004673683e-05,0.00214182446661947
"Afu7g08237",12.9273511994963,-1.17180083320484,0.405897137794034,0.000224820064028571,0.00746116622387399
"Afu4g07040",852.073385901176,-0.82994340505642,0.308403075026838,0.000487892158111215,0.0135972793738295
"Afu7g06350",282.368062138492,1.34905315874353,0.507087480756237,0.00038666034847631,0.0113840564040423
"Afu3g01950",17.3255008473716,-2.04894038618956,0.689833195354061,9.09444734200285e-05,0.00351502261053871
"Afu1g01480",10.0716568039538,-0.264944089866924,0.509368099095425,0.00151986195207468,0.0326648591622091
"Afu1g17060",5.8955443941525,-1.40339387204786,0.604534993704069,0.00117585412032853,0.0273516951758406
"Afu2g04220",55.1462765906586,-0.940036758563469,0.480103199765365,0.00240358631339515,0.0466414930896845
"Afu4g10950",232.741525856308,0.773425655143527,0.335409995185327,0.00162553566633383,0.0343852049058723
"Afu6g01900",308.47101708103,-1.2196375089782,0.479323167092712,0.000454707871486264,0.0129412616030272
"Afu8g02550",2257.44805102425,0.697349395307773,0.230902579608069,0.00028238113604059,0.00884041209897739
"Afu4g11520",26.9278068418878,-1.02738670893746,0.383066836879681,0.000424088326550557,0.012143407204155
"Afu7g00160",35.3563495988038,2.00643560918897,0.835839344443764,0.000509360062761869,0.0140290607315527
"Afu2g05325",615.111247329285,-0.884382782145395,0.394858425435235,0.0014490908183978,0.031650839456726
"Afu3g07570",358.415320466706,0.717005938073896,0.249407990458794,0.000401922731986534,0.0116149486117462
"Afu7g05550",9.41339769482203,-2.17822596738722,0.736943933805391,0.000156093727411856,0.00545611329031345
"Afu2g01790",646.543904202038,0.422343623707569,0.111931099254919,4.47419687548698e-05,0.00193648189191584
"Afu5g00710",447.820496583119,-1.82353893976137,0.315718927892488,3.54538374541465e-10,8.51033218659491e-08
"Afu2g04720",427.493183547263,0.523062240130009,0.200688392991911,0.00150910114521313,0.0325079769629397
"Afu1g17380",2.18438990154343,-0.224707322646863,0.425950625389822,0.00100519696366022,0.0241452938176389
"Afu4g03585",252.083991559503,1.49726381315848,0.369273373695621,2.81058756127534e-06,0.000196992823697746
"Afu2g03190",49.5039510902862,-3.86460118587201,0.506151170399748,6.59252581095015e-16,4.76284633972645e-13
"Afu6g01860",11.4688439412906,-2.27395056172958,0.62220760075219,1.31783101519949e-05,0.000699269429082125
"Afu2g14790",47.4550180700989,-2.34416556010311,0.412189627542492,9.31746178308881e-10,1.90238263188631e-07
"Afu8g05690",82.1599931160972,-0.58588999130813,0.240754826320876,0.00192145564860898,0.0391447973956595
"Afu8g06420",7.90482379235687,-4.48900743915347,1.1513034216771,3.96053474738985e-06,0.000265695302482039
"Afu8g06430",11.877167690237,-2.48235864693115,0.662028305007269,9.86406067440906e-06,0.000564897913744207
"Afu5g14030",10.5940127000518,1.4628652520982,0.809425582622991,0.00189161718955085,0.0388754237292375
"Afu3g14030",557.228696585579,1.5040742320515,0.255827974071127,2.64914520160514e-10,6.54757150880934e-08
"Afu1g03180",101.569870243257,-1.74768961455545,0.557077797077227,5.74293612350824e-05,0.00238662195008803
"Afu5g14890",6800.77955888991,3.8661128957892,0.449676596557998,5.49650515507841e-19,6.45289705206205e-16
"Afu1g10110",39.742807504829,-1.41788917787163,0.254202223939799,2.09617700979117e-09,3.78601816845358e-07
"Afu2g13850",3436.77230178059,-0.821566707086689,0.179523431810193,4.25368965329233e-07,3.99506532237216e-05
"Afu1g16150",253.255546733194,-0.449689306605668,0.138194699735368,0.000262530006584264,0.0083582434638624
"Afu8g04702",15.2328842887632,-1.28341411738084,0.407766989867475,9.61405799170997e-05,0.00368347174344893
"Afu6g02600",251.344418548335,0.397264067670649,0.146657389139048,0.00191795832899588,0.0391447973956595
"Afu2g09550",311.907980074779,-0.47661823871939,0.178281960462217,0.00147674035495258,0.0321799197533983
"Afu6g04360",47.1943200944508,1.10011355361715,0.401759343357075,0.000315705843873345,0.00966512710918959
"Afu3g00830",23.8140616717412,-1.45123533718766,0.391368147632676,1.27258010539877e-05,0.000682975562851727
"Afu2g03970",321.108275994701,-0.58196557775163,0.164944125481671,6.29855380578331e-05,0.00258323219842432
"Afu5g06980",75.7474874156711,-1.14492310272886,0.2919303291884,5.26144832828831e-06,0.000325102123021604
"Afu6g13440",581.834345382622,2.21993412894738,0.50974757527533,6.90075724580675e-07,6.05718804230066e-05
"Afu6g13460",328.068412521561,-0.656962623707238,0.205910515412304,0.000161888986306215,0.00561055852172682
"Afu2g14540",693.947162220842,1.54810100780772,0.382236778876125,2.97072912672895e-06,0.000205902299360778
"Afu4g11730",2489.46879365861,-0.558551134300013,0.149236220423005,2.87701381731787e-05,0.00135783486292711
"Afu1g14250",73.8950788583538,-1.04833418348424,0.291386316458554,2.13976027169189e-05,0.00106896959956012
"Afu1g04430",203.277298827412,-3.42603234328908,0.761243010063631,2.21561025648564e-07,2.26184907922968e-05
"Afu4g11320",437.351403763322,-0.656900821792661,0.15046791706675,1.66633500787352e-06,0.000125201747151585
"Afu4g12020",25.1352379726453,-2.84747155775917,0.783652089015057,1.12084677797411e-05,0.000622898990457567
"Afu2g00930",10.4204694498746,-0.287619722408705,0.566174983669819,0.0023036414264614,0.0451686853388841
"Afu5g00950",10.8006839504021,1.09174003078624,0.549098441357349,0.00247936278016449,0.0476292491567268
"Afu4g00520",3.21166846852319,-5.62009465158258,2.52760817565016,2.20897093255038e-05,0.00109770661367795
"Afu2g04262",288.02948353202,-1.19355253444025,0.613757260318249,0.00168644370678248,0.0354289593711542
"Afu5g01590",7.73028610133795,-2.84597816681201,0.654477119224958,1.85499966068533e-06,0.000135055479171756
"Afu5g00650",1890.13184906641,0.878202773187355,0.149020322606528,3.83087765427024e-10,8.77551290948929e-08
"Afu3g01196",319.839157511702,1.59194081556589,0.880540918223006,0.00219179021861536,0.0434288897325643
"Afu7g01930",769.744640568452,-3.05440942709643,0.546611924828976,8.29483732316283e-10,1.73122471420323e-07
"Afu7g02500",509.930468096644,-0.308718404029281,0.670691752298152,0.000665658718913011,0.0172703499669365
"Afu4g11050",2635.98961201745,0.274109472525206,0.0785402507838791,0.000255608177401436,0.00820120204277832
"Afu4g03722",37.9358911987886,-0.884348767516224,0.430324568643642,0.00200993256379213,0.0405643016947057
"Afu2g08010",415.275775004486,-0.647105309691131,0.131282882863084,1.16052599271179e-07,1.2975785861368e-05
"Afu2g14440",38.6849381376937,-2.11825507196057,0.461442570254189,1.57271663688603e-07,1.697810879728e-05
"Afu2g05070",245.056917472133,1.08195829473592,0.469814511738742,0.00109570670157852,0.0259870639929935
"Afu7g06890",23.5845173334283,-2.08535838690198,0.540100603512014,4.40188522286112e-06,0.000283167849404874
"Afu3g10650",595.233581425148,0.44466580913178,0.156370143873847,0.00106177757564614,0.0253101903311385
"Afu7g00420",113.802174184885,-1.98684162878883,0.615441588314134,4.33554200341788e-05,0.00189392606958608
"Afu4g12330",447.43709036861,0.576217273444328,0.159108205424852,4.72041016801295e-05,0.00201518601354444
"Afu6g09140",355.913626983405,-1.44472468650801,0.72713450360975,0.00129637210020128,0.0290160809187828
"Afu2g14661",14.5659153608869,-0.197658570951652,0.387920596132894,0.00111808128452068,0.0263183444215995
"Afu7g00740",19.8963765171229,-2.7553588647642,1.10854004236405,0.000254055225487847,0.00819961057656998
"Afu1g16880",184.336554252398,0.69016436136535,0.284437541180604,0.00144019705522571,0.0315299084910952
"Afu1g15260",453.749930558687,-1.06348322965025,0.511474050921172,0.00149415553084717,0.032392347820029
"Afu5g01330",29.0346199161329,-1.17238701276855,0.336497481227428,3.11704102205299e-05,0.00142112860578261
"Afu4g09900",209.930368720987,-0.3805230865051,0.141768916574674,0.0021640636480425,0.0429701602165225
"Afu5g07902",108.466002725931,-1.4198819391912,0.305239260360878,1.65066025842881e-07,1.74191024125431e-05
"Afu7g04540",8.79199036786728,-3.34688867418198,1.00012743302477,5.62974050086893e-05,0.00234997879040715
"Afu2g00180",1305.08707642144,1.66415410491869,0.83149723039541,0.00153472100410054,0.0327593174329823
"Afu8g04920",17.0891696816086,-1.68427828353595,0.684107623228812,0.000453979670590492,0.0129412616030272
"Afu1g13630",38.2363688896793,-0.765688283731504,0.308738961910697,0.00111600845703784,0.0263183444215995
"Afu5g14870",192.566502621235,1.54392242383376,0.393055683622165,5.07896037135242e-06,0.00031801063871828
"Afu4g11330",2489.03839157994,0.859627366328218,0.290291717545058,0.000224551790062366,0.00746116622387399
"Afu6g03710",150.861544629372,0.685506933132773,0.288484058384546,0.00169751189491263,0.0354289593711542
"Afu2g04870",79.2417221404881,-2.24147394119052,0.625979642118608,1.13061527948155e-05,0.000624631688522981
"Afu4g09550",157.4126259877,-0.633249243052066,0.159139112239811,9.63706896853201e-06,0.000555284366579464
"Afu5g07500",53.4850440164935,-2.41558821742098,0.438367516517216,1.44988486244489e-09,2.72346372561648e-07
"Afu5g14980",66.9033394042647,0.70553981933742,0.281132028701285,0.00120478646257191,0.0278018537014138
"Afu3g10690",233.625616243623,0.64575361118426,0.170563251227822,1.94155277651723e-05,0.000980379767583322
"Afu5g10160",4.78754090957393,-2.26684171968651,1.11638769478488,0.0014968354933872,0.032392347820029
"Afu2g00570",261.16494920479,1.1202171371098,0.323329049730442,3.27781838697225e-05,0.00148006107165593
"Afu1g14500",617.326072440266,1.32670155229167,0.350137809056999,9.01568087090024e-06,0.000529220467121844
"Afu5g15010",87.343882200783,1.15844811525069,0.465316124104644,0.000649153880380969,0.017129482493812
"Afu2g01850",244.608804428704,-0.768182074715882,0.134353113045467,1.2267366690738e-09,2.45138527573216e-07
"Afu7g00550",48.5204161043041,-1.32289288892503,0.623293834740194,0.00123300821770795,0.0279770865551871
"Afu3g03060",166.64971284521,3.20196147832668,0.564190496812092,6.14611103402691e-10,1.34242499608327e-07
"Afu3g15090",109.567044446414,-1.17169433964255,0.248994920305642,1.59720012552361e-07,1.70464813396792e-05
"Afu8g01100",8.82043580770619,-1.19941825015775,0.529583164428151,0.00117686433302291,0.0273516951758406
"Afu6g03700",105.432784436122,1.3075017417748,0.562048421500051,0.000850991659173757,0.0211442160395765
"Afu6g04920",6481.18796389792,-2.19224864653649,0.897627198421221,0.000338695123079502,0.0101955916537265
"Afu7g04360",125.339438638769,-0.715776836526224,0.18217569228613,9.47170763685246e-06,0.000552535888977133
"Afu8g04630",889.002610772878,2.57593736772851,0.708865284020716,1.28245549088427e-05,0.000684364884680968
"Afu6g00310",112.55021866133,-1.12038373080277,0.410701687161988,0.000302889750311182,0.00935769912803495
"Afu3g13940",173.699092189264,1.56732658985096,0.537410250358937,0.000166149144693371,0.0057370322314711
"Afu1g11540",686.52942355617,0.661551678706515,0.252579493684855,0.000967405899802005,0.0234777163073396
"Afu2g16200",265.333786584457,-0.72562266698246,0.17206558035363,2.75334618675603e-06,0.000195904752924338
